{
  "hash": "4e00d388",
  "configHash": "ed3119d2",
  "lockfileHash": "92c9b497",
  "browserHash": "2cc15304",
  "optimized": {
    "@angular/common": {
      "src": "../../../../../../node_modules/@angular/common/fesm2022/common.mjs",
      "file": "@angular_common.js",
      "fileHash": "ba9664cd",
      "needsInterop": false
    },
    "@angular/common/http": {
      "src": "../../../../../../node_modules/@angular/common/fesm2022/http.mjs",
      "file": "@angular_common_http.js",
      "fileHash": "67bdeabf",
      "needsInterop": false
    },
    "@angular/core": {
      "src": "../../../../../../node_modules/@angular/core/fesm2022/core.mjs",
      "file": "@angular_core.js",
      "fileHash": "bf4106e4",
      "needsInterop": false
    },
    "@angular/forms": {
      "src": "../../../../../../node_modules/@angular/forms/fesm2022/forms.mjs",
      "file": "@angular_forms.js",
      "fileHash": "58b23f9f",
      "needsInterop": false
    },
    "@angular/platform-browser": {
      "src": "../../../../../../node_modules/@angular/platform-browser/fesm2022/platform-browser.mjs",
      "file": "@angular_platform-browser.js",
      "fileHash": "4dcd7adf",
      "needsInterop": false
    },
    "@angular/router": {
      "src": "../../../../../../node_modules/@angular/router/fesm2022/router.mjs",
      "file": "@angular_router.js",
      "fileHash": "ed753649",
      "needsInterop": false
    },
    "rxjs": {
      "src": "../../../../../../node_modules/rxjs/dist/esm5/index.js",
      "file": "rxjs.js",
      "fileHash": "f21b4122",
      "needsInterop": false
    },
    "rxjs/operators": {
      "src": "../../../../../../node_modules/rxjs/dist/esm5/operators/index.js",
      "file": "rxjs_operators.js",
      "fileHash": "cd79ea94",
      "needsInterop": false
    }
  },
  "chunks": {
    "chunk-NGNZAHPC": {
      "file": "chunk-NGNZAHPC.js"
    },
    "chunk-OI7TFWLO": {
      "file": "chunk-OI7TFWLO.js"
    },
    "chunk-7AO4SOAP": {
      "file": "chunk-7AO4SOAP.js"
    },
    "chunk-5EGFENCT": {
      "file": "chunk-5EGFENCT.js"
    },
    "chunk-LBBSG2YE": {
      "file": "chunk-LBBSG2YE.js"
    },
    "chunk-WSXI74FV": {
      "file": "chunk-WSXI74FV.js"
    },
    "chunk-NGNUV6BG": {
      "file": "chunk-NGNUV6BG.js"
    }
  }
}