{
	"info": {
		"_postman_id": "d106b64b-546e-40cc-a8ba-2ec881a6454d",
		"name": "Test",
		"schema": "https://schema.getpostman.com/json/collection/v2.1.0/collection.json",
		"_exporter_id": "39277962"
	},
	"item": [
		{
			"name": "Bookings",
			"protocolProfileBehavior": {
				"disableBodyPruning": true
			},
			"request": {
				"method": "GET",
				"header": [],
				"body": {
					"mode": "raw",
					"raw": "",
					"options": {
						"raw": {
							"language": "json"
						}
					}
				},
				"url": {
					"raw": "http://localhost:8080/api/v1/bookings",
					"protocol": "http",
					"host": [
						"localhost"
					],
					"port": "8080",
					"path": [
						"api",
						"v1",
						"bookings"
					]
				}
			},
			"response": []
		},
		{
			"name": "Bookings",
			"request": {
				"method": "POST",
				"header": [],
				"body": {
					"mode": "raw",
					"raw": "{\r\n        \"id\" : \"B0010\",\r\n        \"guest\": \"Munna\",\r\n        \"hotel\": \"Novotel Hotels\",\r\n        \"date\": \"2024-12-27\",\r\n        \"status\": \"Confirmed\"\r\n    }",
					"options": {
						"raw": {
							"language": "json"
						}
					}
				},
				"url": {
					"raw": "http://localhost:8080/api/v1/bookings",
					"protocol": "http",
					"host": [
						"localhost"
					],
					"port": "8080",
					"path": [
						"api",
						"v1",
						"bookings"
					]
				}
			},
			"response": []
		},
		{
			"name": "Bookings",
			"request": {
				"method": "PUT",
				"header": [],
				"body": {
					"mode": "raw",
					"raw": "{\r\n        \"id\": \"B0009\",\r\n        \"guest\": \"Uday kiran\",\r\n        \"hotel\": \"Davanam Hotels\",\r\n        \"date\": \"2024-12-27\",\r\n        \"status\": \"Pending\"\r\n    }",
					"options": {
						"raw": {
							"language": "json"
						}
					}
				},
				"url": {
					"raw": "http://localhost:8080/api/v1/bookings/B0009",
					"protocol": "http",
					"host": [
						"localhost"
					],
					"port": "8080",
					"path": [
						"api",
						"v1",
						"bookings",
						"B0009"
					]
				}
			},
			"response": []
		},
		{
			"name": "Bookings",
			"request": {
				"method": "DELETE",
				"header": [],
				"url": {
					"raw": "http://localhost:8080/api/v1/bookings/B0010",
					"protocol": "http",
					"host": [
						"localhost"
					],
					"port": "8080",
					"path": [
						"api",
						"v1",
						"bookings",
						"B0010"
					]
				}
			},
			"response": []
		}
	]
}